名字,品质,类别,图片,价格,重量,长x宽
含氟牙膏,白,医疗道具,https://playerhub.df.qq.com/playerhub/60004/object/15010010004.png,3396,0,1x2
火柴,白,家居物品,https://playerhub.df.qq.com/playerhub/60004/object/15010010008.png,1599,0,1x1
电火机,绿,家居物品,https://playerhub.df.qq.com/playerhub/60004/object/15010010013.png,3902,0,1x1
迷你氢电池,绿,家居物品,https://playerhub.df.qq.com/playerhub/60004/object/15010010015.png,3829,0,1x1
黄金瞪羚,红,工艺藏品,https://playerhub.df.qq.com/playerhub/60004/object/15010050001.png,659611,3,2x2
精密工具组,白,工具材料,https://playerhub.df.qq.com/playerhub/60004/object/15020010001.png,1629,1,1x1
防水胶布,白,工具材料,https://playerhub.df.qq.com/playerhub/60004/object/15020010002.png,1616,0,1x1
布基胶带,白,工具材料,https://playerhub.df.qq.com/playerhub/60004/object/15020010003.png,1903,0,1x1
油漆刷,白,工具材料,https://playerhub.df.qq.com/playerhub/60004/object/15020010004.png,2018,0,1x1
螺丝刀,绿,工具材料,https://playerhub.df.qq.com/playerhub/60004/object/15020010005.png,4694,0,1x1
工具刀,白,工具材料,https://playerhub.df.qq.com/playerhub/60004/object/15020010006.png,3552,0,2x1
电动爆破锤,绿,工具材料,https://playerhub.df.qq.com/playerhub/60004/object/15020010007.png,6213,2,2x1
原木木板,绿,工具材料,https://playerhub.df.qq.com/playerhub/60004/object/15020010008.png,6180,1,2x1
音波测距卷尺,白,工具材料,https://playerhub.df.qq.com/playerhub/60004/object/15020010010.png,1579,0,1x1
电线,绿,工具材料,https://playerhub.df.qq.com/playerhub/60004/object/15020010012.png,3656,0,1x1
直角尺,白,工具材料,https://playerhub.df.qq.com/playerhub/60004/object/15020010014.png,3915,1,1x2
一包水泥,蓝,工具材料,https://playerhub.df.qq.com/playerhub/60004/object/15020010015.png,77493,5,2x3
一桶油漆,蓝,工具材料,https://playerhub.df.qq.com/playerhub/60004/object/15020010016.png,33742,5,2x2
便携液压扳手,绿,工具材料,https://playerhub.df.qq.com/playerhub/60004/object/15020010017.png,3573,1,1x1
机械破障锤,蓝,工具材料,https://playerhub.df.qq.com/playerhub/60004/object/15020010018.png,49136,5,2x2
尖嘴钳,绿,工具材料,https://playerhub.df.qq.com/playerhub/60004/object/15020010019.png,3970,0,1x1
电笔,绿,工具材料,https://playerhub.df.qq.com/playerhub/60004/object/15020010020.png,4165,0,1x1
角磨机,绿,工具材料,https://playerhub.df.qq.com/playerhub/60004/object/15020010021.png,6894,2,2x2
高精数显卡尺,蓝,工具材料,https://playerhub.df.qq.com/playerhub/60004/object/15020010023.png,23040,0,1x1
高出力粉碎钳,紫,工具材料,https://playerhub.df.qq.com/playerhub/60004/object/15020010024.png,75920,1,1x2
高分子布料,蓝,工具材料,https://playerhub.df.qq.com/playerhub/60004/object/15020010025.png,,0,2x1
波纹软管,绿,工具材料,https://playerhub.df.qq.com/playerhub/60004/object/15020010026.png,3772,1,1x1
模拟温度计,绿,工具材料,https://playerhub.df.qq.com/playerhub/60004/object/15020010027.png,3985,0,1x1
燃油,蓝,能源燃料,https://playerhub.df.qq.com/playerhub/60004/object/15020010028.png,,3,2x2
喷漆,绿,工具材料,https://playerhub.df.qq.com/playerhub/60004/object/15020010030.png,6148,0,1x2
强化碳纤维板,红,工具材料,https://playerhub.df.qq.com/playerhub/60004/object/15020010031.png,3178570,4,3x3
LED灯管,绿,工具材料,https://playerhub.df.qq.com/playerhub/60004/object/15020010032.png,5279,0,2x1
火箭燃料,红,能源燃料,https://playerhub.df.qq.com/playerhub/60004/object/15020010033.png,,22,3x4
低级燃料,蓝,能源燃料,https://playerhub.df.qq.com/playerhub/60004/object/15020010034.png,21592,0,1x1
高级燃料,紫,能源燃料,https://playerhub.df.qq.com/playerhub/60004/object/15020010035.png,,0,1x1
燃料电池,金,能源燃料,https://playerhub.df.qq.com/playerhub/60004/object/15020010036.png,570724,8,2x3
燃气罐,蓝,能源燃料,https://playerhub.df.qq.com/playerhub/60004/object/15020010037.png,34063,5,2x2
工具箱,蓝,工具材料,https://playerhub.df.qq.com/playerhub/60004/object/15020040001.png,,1,2x2
芳纶纤维,蓝,工具材料,https://playerhub.df.qq.com/playerhub/60004/object/15020040002.png,35707,2,2x1
压力计,绿,工具材料,https://playerhub.df.qq.com/playerhub/60004/object/15020040003.png,6145,1,1x2
水平仪,绿,工具材料,https://playerhub.df.qq.com/playerhub/60004/object/15020040004.png,6350,1,1x2
自旋型手锯,紫,工具材料,https://playerhub.df.qq.com/playerhub/60004/object/15020050001.png,70790,3,2x2
无线便携电钻,蓝,工具材料,https://playerhub.df.qq.com/playerhub/60004/object/15020050002.png,46739,1,2x1
聚乙烯纤维,紫,工具材料,https://playerhub.df.qq.com/playerhub/60004/object/15020050003.png,27952,1,1x1
防弹陶瓷,紫,工具材料,https://playerhub.df.qq.com/playerhub/60004/object/15020050004.png,,1,2x1
特种钢,紫,工具材料,https://playerhub.df.qq.com/playerhub/60004/object/15020050005.png,39506,2,2x1
钛合金,紫,工具材料,https://playerhub.df.qq.com/playerhub/60004/object/15020050006.png,,2,2x1
电容,绿,电子物品,https://playerhub.df.qq.com/playerhub/60004/object/15020050007.png,3934,0,1x1
继电器,蓝,电子物品,https://playerhub.df.qq.com/playerhub/60004/object/15020050008.png,14765,0,1x1
军用移动电源,蓝,电子物品,https://playerhub.df.qq.com/playerhub/60004/object/15030010001.png,13046,1,1x1
手机电池,绿,电子物品,https://playerhub.df.qq.com/playerhub/60004/object/15030010002.png,3358,0,1x1
DVD光驱,绿,电子物品,https://playerhub.df.qq.com/playerhub/60004/object/15030010007.png,5785,1,1x1
音频播放器,蓝,电子物品,https://playerhub.df.qq.com/playerhub/60004/object/15030010008.png,15552,0,1x1
鼠标,白,电子物品,https://playerhub.df.qq.com/playerhub/60004/object/15030010009.png,1383,0,1x1
电源,绿,电子物品,https://playerhub.df.qq.com/playerhub/60004/object/15030010011.png,8849,3,2x2
摄影机,红,电子物品,https://playerhub.df.qq.com/playerhub/60004/object/15030010012.png,956124,2,2x2
印刷电路板,绿,电子物品,https://playerhub.df.qq.com/playerhub/60004/object/15030010013.png,3823,0,1x1
键盘,绿,电子物品,https://playerhub.df.qq.com/playerhub/60004/object/15030010014.png,4410,1,2x1
风冷散热器,绿,电子物品,https://playerhub.df.qq.com/playerhub/60004/object/15030010018.png,4001,0,1x1
机械硬盘,绿,电子物品,https://playerhub.df.qq.com/playerhub/60004/object/15030010019.png,4032,0,1x1
镜头,金,电子物品,https://playerhub.df.qq.com/playerhub/60004/object/15030040001.png,200947,0,1x1
摄像头,蓝,电子物品,https://playerhub.df.qq.com/playerhub/60004/object/15030040002.png,18191,1,1x1
CPU,金,电子物品,https://playerhub.df.qq.com/playerhub/60004/object/15030040003.png,97779,0,1x1
固态硬盘,紫,电子物品,https://playerhub.df.qq.com/playerhub/60004/object/15030040005.png,52739,0,1x1
内存条,紫,电子物品,https://playerhub.df.qq.com/playerhub/60004/object/15030040006.png,40538,0,1x1
ASOS电脑主板,紫,电子物品,https://playerhub.df.qq.com/playerhub/60004/object/15030040007.png,69937,2,2x2
液晶显示屏,蓝,电子物品,https://playerhub.df.qq.com/playerhub/60004/object/15030040010.png,97880,2,2x2
超高频读卡器,绿,电子物品,https://playerhub.df.qq.com/playerhub/60004/object/15030040011.png,3976,0,1x1
收音机,紫,电子物品,https://playerhub.df.qq.com/playerhub/60004/object/15030040012.png,36751,0,2x1
手机,金,电子物品,https://playerhub.df.qq.com/playerhub/60004/object/15030040013.png,94307,0,1x1
电子干扰器,紫,电子物品,https://playerhub.df.qq.com/playerhub/60004/object/15030040014.png,18910,0,1x1
显卡,红,电子物品,https://playerhub.df.qq.com/playerhub/60004/object/15030050001.png,502820,1,2x1
军用无人机,红,电子物品,https://playerhub.df.qq.com/playerhub/60004/object/15030050002.png,814506,1,2x2
可编程处理器,金,电子物品,https://playerhub.df.qq.com/playerhub/60004/object/15030050003.png,131073,0,1x1
军用电台,红,电子物品,https://playerhub.df.qq.com/playerhub/60004/object/15030050004.png,1538732,5,2x2
HIFI声卡,紫,电子物品,https://playerhub.df.qq.com/playerhub/60004/object/15030050005.png,38738,1,2x1
数码相机,金,电子物品,https://playerhub.df.qq.com/playerhub/60004/object/15030050006.png,110778,0,1x1
笔记本电脑,红,电子物品,https://playerhub.df.qq.com/playerhub/60004/object/15030050007.png,2022947,2,3x2
刀片服务器,红,电子物品,https://playerhub.df.qq.com/playerhub/60004/object/15030050008.png,2173784,7,3x4
GS5 手柄,紫,电子物品,https://playerhub.df.qq.com/playerhub/60004/object/15030050011.png,48432,0,1x1
高速磁盘阵列,红,电子物品,https://playerhub.df.qq.com/playerhub/60004/object/15030050012.png,2388537,5,4x3
G.T.I卫星通信天线,红,电子物品,https://playerhub.df.qq.com/playerhub/60004/object/15030050013.png,,14,2x2
飞行记录仪,红,电子物品,https://playerhub.df.qq.com/playerhub/60004/object/15030050014.png,2466481,15,3x2
太阳能板,蓝,电子物品,https://playerhub.df.qq.com/playerhub/60004/object/15030050016.png,44500,2,4x2
军用炮弹,红,工具材料,https://playerhub.df.qq.com/playerhub/60004/object/15030050017.png,2188776,20,3x2
军用控制终端,红,电子物品,https://playerhub.df.qq.com/playerhub/60004/object/15030050018.png,602922,0,2x1
军用炸药,金,工具材料,https://playerhub.df.qq.com/playerhub/60004/object/15030050019.png,202261,1,2x2
古老的斯芬克斯像,绿,工艺藏品,https://playerhub.df.qq.com/playerhub/60004/object/15040010003.png,7573,3,2x2
扑克牌-J,白,家居物品,https://playerhub.df.qq.com/playerhub/60004/object/15040010007.png,1973,0,1x1
扑克牌-Q,白,家居物品,https://playerhub.df.qq.com/playerhub/60004/object/15040010008.png,2026,0,1x1
扑克牌-K,白,家居物品,https://playerhub.df.qq.com/playerhub/60004/object/15040010009.png,2024,0,1x1
插座,绿,工具材料,https://playerhub.df.qq.com/playerhub/60004/object/15040010012.png,3654,0,1x1
阿萨拉风情水壶,紫,工艺藏品,https://playerhub.df.qq.com/playerhub/60004/object/15040010014.png,49916,1,1x2
间谍笔,紫,电子物品,https://playerhub.df.qq.com/playerhub/60004/object/15040010015.png,32086,1,1x1
网线,白,工具材料,https://playerhub.df.qq.com/playerhub/60004/object/15040010016.png,1601,1,1x1
火药,蓝,工具材料,https://playerhub.df.qq.com/playerhub/60004/object/15040010017.png,33348,1,1x2
E型滤毒罐,金,医疗道具,https://playerhub.df.qq.com/playerhub/60004/object/15040010019.png,116333,0,1x1
枪械零件,蓝,工具材料,https://playerhub.df.qq.com/playerhub/60004/object/15040010021.png,26399,1,2x1
转换插座,蓝,工具材料,https://playerhub.df.qq.com/playerhub/60004/object/15040010022.png,16203,0,1x1
移动电缆,金,工具材料,https://playerhub.df.qq.com/playerhub/60004/object/15040010023.png,270296,2,2x2
电动车电池,紫,能源燃料,https://playerhub.df.qq.com/playerhub/60004/object/15040040007.png,121891,9,3x2
克劳迪乌斯半身像,红,工艺藏品,https://playerhub.df.qq.com/playerhub/60004/object/15040050002.png,2016769,1,2x3
已损坏的热像仪,紫,电子物品,https://playerhub.df.qq.com/playerhub/60004/object/15040050003.png,71556,1,1x1
盐溶液,绿,医疗道具,https://playerhub.df.qq.com/playerhub/60004/object/15060010001.png,3418,1,1x1
手术镊子,绿,医疗道具,https://playerhub.df.qq.com/playerhub/60004/object/15060010002.png,3659,0,1x1
小药瓶,绿,医疗道具,https://playerhub.df.qq.com/playerhub/60004/object/15060010003.png,4049,0,1x1
额温枪,蓝,医疗道具,https://playerhub.df.qq.com/playerhub/60004/object/15060010004.png,16875,1,1x1
听诊器,蓝,医疗道具,https://playerhub.df.qq.com/playerhub/60004/object/15060010006.png,25472,0,1x2
医用酒精,蓝,医疗道具,https://playerhub.df.qq.com/playerhub/60004/object/15060010007.png,15431,1,1x1
手术剪刀,白,医疗道具,https://playerhub.df.qq.com/playerhub/60004/object/15060010008.png,1517,0,1x1
外科手套,白,医疗道具,https://playerhub.df.qq.com/playerhub/60004/object/15060010009.png,1680,0,1x1
注射器,绿,医疗道具,https://playerhub.df.qq.com/playerhub/60004/object/15060010010.png,3618,0,1x1
输液工具,绿,医疗道具,https://playerhub.df.qq.com/playerhub/60004/object/15060010012.png,4028,0,1x1
静脉定位器,金,医疗道具,https://playerhub.df.qq.com/playerhub/60004/object/15060040001.png,122212,0,1x1
血压仪,紫,医疗道具,https://playerhub.df.qq.com/playerhub/60004/object/15060040002.png,57946,1,2x2
血氧仪,金,医疗道具,https://playerhub.df.qq.com/playerhub/60004/object/15060040003.png,94853,1,1x1
呼吸机,红,医疗道具,https://playerhub.df.qq.com/playerhub/60004/object/15060040004.png,678035,1,2x2
苹果,绿,家居物品,https://playerhub.df.qq.com/playerhub/60004/object/15060080001.png,3781,0,1x1
酸奶,白,家居物品,https://playerhub.df.qq.com/playerhub/60004/object/15060080002.png,1417,0,1x1
基础蛋白粉,白,家居物品,https://playerhub.df.qq.com/playerhub/60004/object/15060080003.png,1474,2,1x1
无糖缓释能量棒,绿,家居物品,https://playerhub.df.qq.com/playerhub/60004/object/15060080004.png,2968,0,1x1
生津柠檬茶,紫,家居物品,https://playerhub.df.qq.com/playerhub/60004/object/15060080005.png,27195,0,1x1
纯净水,绿,家居物品,https://playerhub.df.qq.com/playerhub/60004/object/15060080006.png,3128,1,1x1
昴星干脆面,白,家居物品,https://playerhub.df.qq.com/playerhub/60004/object/15060080007.png,1418,0,1x1
清新橘味能量凝胶,紫,家居物品,https://playerhub.df.qq.com/playerhub/60004/object/15060080008.png,69553,0,1x1
野外能量棒,绿,家居物品,https://playerhub.df.qq.com/playerhub/60004/object/15060080009.png,4513,0,1x1
香喷喷炒面,蓝,家居物品,https://playerhub.df.qq.com/playerhub/60004/object/15060080010.png,13436,0,1x1
可乐,蓝,家居物品,https://playerhub.df.qq.com/playerhub/60004/object/15060080011.png,19331,0,1x1
军用罐头,蓝,家居物品,https://playerhub.df.qq.com/playerhub/60004/object/15060080013.png,19296,0,1x1
咖啡,金,家居物品,https://playerhub.df.qq.com/playerhub/60004/object/15060080014.png,105737,0,1x1
奥莉薇娅香槟,红,家居物品,https://playerhub.df.qq.com/playerhub/60004/object/15060080015.png,511065,1,1x2
大豆蛋白粉包,蓝,家居物品,https://playerhub.df.qq.com/playerhub/60004/object/15060080016.png,19415,0,1x1
U盘,蓝,电子物品,https://playerhub.df.qq.com/playerhub/60004/object/15070010001.png,14094,0,1x1
存储卡,蓝,电子物品,https://playerhub.df.qq.com/playerhub/60004/object/15070010002.png,13734,0,1x1
建筑图纸1号,绿,资料情报,https://playerhub.df.qq.com/playerhub/60004/object/15070010005.png,4677,0,2x1
建筑图纸2号,绿,资料情报,https://playerhub.df.qq.com/playerhub/60004/object/15070010006.png,5918,0,2x1
建筑图纸3号,绿,资料情报,https://playerhub.df.qq.com/playerhub/60004/object/15070010007.png,5731,0,2x1
建筑图纸4号,绿,资料情报,https://playerhub.df.qq.com/playerhub/60004/object/15070010008.png,6261,0,2x1
建筑图纸5号,绿,资料情报,https://playerhub.df.qq.com/playerhub/60004/object/15070010009.png,4813,0,2x1
资料：设计图纸,金,资料情报,https://playerhub.df.qq.com/playerhub/60004/object/15070040001.png,106072,0,1x1
资料：商业文件,蓝,资料情报,https://playerhub.df.qq.com/playerhub/60004/object/15070040002.png,11396,0,1x1
实验数据,红,资料情报,https://playerhub.df.qq.com/playerhub/60004/object/15070040003.png,353754,0,1x1
量子存储,红,资料情报,https://playerhub.df.qq.com/playerhub/60004/object/15070050001.png,426430,0,1x1
资料：军事情报,紫,资料情报,https://playerhub.df.qq.com/playerhub/60004/object/15070050002.png,19233,0,1x1
情报文件,蓝,资料情报,https://playerhub.df.qq.com/playerhub/60004/object/15070050003.png,22367,0,1x2
非洲鼓,绿,工艺藏品,https://playerhub.df.qq.com/playerhub/60004/object/15080010003.png,6420,5,1x2
太阳碟,绿,工艺藏品,https://playerhub.df.qq.com/playerhub/60004/object/15080010004.png,7786,0,2x2
棘龙爪化石,红,工艺藏品,https://playerhub.df.qq.com/playerhub/60004/object/15080040001.png,525060,1,2x1
海盗弯刀,紫,工艺藏品,https://playerhub.df.qq.com/playerhub/60004/object/15080040002.png,54059,2,1x1
犄角墙饰,紫,工艺藏品,https://playerhub.df.qq.com/playerhub/60004/object/15080040003.png,27520,1,2x1
残弹挂坠,绿,工艺藏品,https://playerhub.df.qq.com/playerhub/60004/object/15080040004.png,5225,0,1x1
非洲木雕,绿,工艺藏品,https://playerhub.df.qq.com/playerhub/60004/object/15080040005.png,6372,1,1x2
后妃耳环,紫,工艺藏品,https://playerhub.df.qq.com/playerhub/60004/object/15080050001.png,21022,0,1x1
纯金打火机,金,家居物品,https://playerhub.df.qq.com/playerhub/60004/object/15080050002.png,93438,0,1x1
滑膛枪展品,红,工艺藏品,https://playerhub.df.qq.com/playerhub/60004/object/15080050003.png,1024259,4,4x1
功绩勋章,金,工艺藏品,https://playerhub.df.qq.com/playerhub/60004/object/15080050004.png,123320,0,1x1
非洲之心,红,工艺藏品,https://playerhub.df.qq.com/playerhub/60004/object/15080050006.png,19417658,1,1x1
锈迹斑斑的海盗铜币,绿,工艺藏品,https://playerhub.df.qq.com/playerhub/60004/object/15080050007.png,3937,0,1x1
古怪的海盗银币,蓝,工艺藏品,https://playerhub.df.qq.com/playerhub/60004/object/15080050008.png,14051,1,1x1
亮闪闪的海盗金币,金,工艺藏品,https://playerhub.df.qq.com/playerhub/60004/object/15080050009.png,87735,1,1x1
万足金条,红,工艺藏品,https://playerhub.df.qq.com/playerhub/60004/object/15080050010.png,500855,4,1x2
古老的海盗望远镜,蓝,工艺藏品,https://playerhub.df.qq.com/playerhub/60004/object/15080050011.png,17273,1,1x2
“起舞的女郎”挂饰,蓝,工艺藏品,https://playerhub.df.qq.com/playerhub/60004/object/15080050012.png,23283,0,1x2
雷斯的乐谱本,金,资料情报,https://playerhub.df.qq.com/playerhub/60004/object/15080050013.png,125279,0,1x2
赛伊德的怀表,红,工艺藏品,https://playerhub.df.qq.com/playerhub/60004/object/15080050014.png,325842,0,1x1
阿萨拉特色酒杯,金,工艺藏品,https://playerhub.df.qq.com/playerhub/60004/object/15080050015.png,94944,0,1x1
阿萨拉特色酒壶,紫,工艺藏品,https://playerhub.df.qq.com/playerhub/60004/object/15080050016.png,37601,1,1x2
阿萨拉特色陶瓷,绿,工艺藏品,https://playerhub.df.qq.com/playerhub/60004/object/15080050017.png,8784,4,2x2
黄金饰章,紫,工艺藏品,https://playerhub.df.qq.com/playerhub/60004/object/15080050018.png,33191,1,1x2
酒店宣传海报,绿,家居物品,https://playerhub.df.qq.com/playerhub/60004/object/15080050019.png,7092,0,2x2
阿萨拉新闻周刊,绿,家居物品,https://playerhub.df.qq.com/playerhub/60004/object/15080050020.png,8706,0,2x2
阿萨拉时尚周刊,蓝,家居物品,https://playerhub.df.qq.com/playerhub/60004/object/15080050021.png,27087,0,2x2
阿萨拉娱乐月刊,绿,家居物品,https://playerhub.df.qq.com/playerhub/60004/object/15080050022.png,7784,0,2x2
初级子弹生产零件,蓝,工艺藏品,https://playerhub.df.qq.com/playerhub/60004/object/15080050023.png,32870,0,1x2
中级子弹生产零件,紫,工艺藏品,https://playerhub.df.qq.com/playerhub/60004/object/15080050024.png,,1,2x2
高级子弹生产零件,金,工艺藏品,https://playerhub.df.qq.com/playerhub/60004/object/15080050025.png,,2,3x2
三角洲特种部队：黑鹰坠落-战队之刃,蓝,家居物品,https://playerhub.df.qq.com/playerhub/60004/object/15080050026.png,15601,0,1x1
三角洲特种部队：刺刀特遣队,蓝,家居物品,https://playerhub.df.qq.com/playerhub/60004/object/15080050027.png,17303,0,1x1
曼德尔超算单元,红,电子物品,https://playerhub.df.qq.com/playerhub/60004/object/15080050030.png,3043544,5,3x3
便携军用雷达,红,电子物品,https://playerhub.df.qq.com/playerhub/60004/object/15080050031.png,3209702,10,3x3
军用信息终端,红,电子物品,https://playerhub.df.qq.com/playerhub/60004/object/15080050032.png,1386933,3,3x2
军用卫星通讯仪,金,电子物品,https://playerhub.df.qq.com/playerhub/60004/object/15080050033.png,298744,2,2x2
单反相机,金,电子物品,https://playerhub.df.qq.com/playerhub/60004/object/15080050034.png,198257,1,2x2
军用望远镜,金,电子物品,https://playerhub.df.qq.com/playerhub/60004/object/15080050035.png,145377,0,2x2
军用热像仪,紫,电子物品,https://playerhub.df.qq.com/playerhub/60004/object/15080050036.png,111998,2,2x3
广角镜头,紫,电子物品,https://playerhub.df.qq.com/playerhub/60004/object/15080050037.png,78560,1,2x1
专业声卡,紫,电子物品,https://playerhub.df.qq.com/playerhub/60004/object/15080050038.png,57318,1,2x1
电子温度计,蓝,电子物品,https://playerhub.df.qq.com/playerhub/60004/object/15080050039.png,26921,1,2x2
主战坦克模型,红,工艺藏品,https://playerhub.df.qq.com/playerhub/60004/object/15080050040.png,3294214,3,3x3
步战车模型,红,工艺藏品,https://playerhub.df.qq.com/playerhub/60004/object/15080050041.png,1984334,2,3x2
名贵机械表,红,工艺藏品,https://playerhub.df.qq.com/playerhub/60004/object/15080050042.png,318704,0,1x1
仪典匕首,紫,工艺藏品,https://playerhub.df.qq.com/playerhub/60004/object/15080050043.png,166194,1,3x2
绝密服务器,红,资料情报,https://playerhub.df.qq.com/playerhub/60004/object/15080050044.png,3199268,6,3x3
加密路由器,紫,资料情报,https://playerhub.df.qq.com/playerhub/60004/object/15080050045.png,70868,2,2x2
扑克牌-10,白,家居物品,https://playerhub.df.qq.com/playerhub/60004/object/15080050046.png,4915,0,1x1
扑克牌-9,白,家居物品,https://playerhub.df.qq.com/playerhub/60004/object/15080050047.png,4521,0,1x1
扑克牌-8,白,家居物品,https://playerhub.df.qq.com/playerhub/60004/object/15080050048.png,5137,0,1x1
扑克牌-7,白,家居物品,https://playerhub.df.qq.com/playerhub/60004/object/15080050049.png,3436,0,1x1
扑克牌-6,白,家居物品,https://playerhub.df.qq.com/playerhub/60004/object/15080050050.png,7810,0,1x1
扑克牌-5,白,家居物品,https://playerhub.df.qq.com/playerhub/60004/object/15080050051.png,5519,0,1x1
扑克牌-4,白,家居物品,https://playerhub.df.qq.com/playerhub/60004/object/15080050052.png,5992,0,1x1
扑克牌-3,白,家居物品,https://playerhub.df.qq.com/playerhub/60004/object/15080050053.png,6379,0,1x1
扑克牌-2,白,家居物品,https://playerhub.df.qq.com/playerhub/60004/object/15080050054.png,5319,0,1x1
扑克牌-A,白,家居物品,https://playerhub.df.qq.com/playerhub/60004/object/15080050055.png,10491,0,1x1
资料残页,白,资料情报,https://playerhub.df.qq.com/playerhub/60004/object/15080050056.png,1355,0,1x1
无菌敷料包,紫,医疗道具,https://playerhub.df.qq.com/playerhub/60004/object/15080050057.png,75136,1,1x2
自动体外除颤器,红,医疗道具,https://playerhub.df.qq.com/playerhub/60004/object/15080050058.png,2092099,1,2x3
扑克牌-小王,白,家居物品,https://playerhub.df.qq.com/playerhub/60004/object/15080050059.png,17387,0,1x1
扑克牌-大王,白,家居物品,https://playerhub.df.qq.com/playerhub/60004/object/15080050060.png,15159,0,1x1
云存储阵列,红,资料情报,https://playerhub.df.qq.com/playerhub/60004/object/15080050061.png,2072015,4,3x2
阵列服务器,金,资料情报,https://playerhub.df.qq.com/playerhub/60004/object/15080050062.png,1035504,10,4x3
哈夫克机密档案,金,资料情报,https://playerhub.df.qq.com/playerhub/60004/object/15080050063.png,,0,1x2
阿萨拉卫队机密档案,紫,资料情报,https://playerhub.df.qq.com/playerhub/60004/object/15080050064.png,36371,0,1x2
骨锯,蓝,医疗道具,https://playerhub.df.qq.com/playerhub/60004/object/15080050065.png,33537,2,3x1
扫拖一体机器人,红,家居物品,https://playerhub.df.qq.com/playerhub/60004/object/15080050066.png,3041556,6,3x3
强力吸尘器,红,家居物品,https://playerhub.df.qq.com/playerhub/60004/object/15080050067.png,2167190,5,2x3
胶囊咖啡机套组,紫,家居物品,https://playerhub.df.qq.com/playerhub/60004/object/15080050068.png,59652,4,2x2
高级咖啡豆,红,家居物品,https://playerhub.df.qq.com/playerhub/60004/object/15080050069.png,,1,1x2
三角洲特种部队：黑鹰坠落（盒装版）,紫,家居物品,https://playerhub.df.qq.com/playerhub/60004/object/15080050070.png,,0,1x2
盒装挂耳咖啡,金,家居物品,https://playerhub.df.qq.com/playerhub/60004/object/15080050071.png,545801,1,1x2
摩卡咖啡壶,蓝,家居物品,https://playerhub.df.qq.com/playerhub/60004/object/15080050072.png,22735,1,1x2
维生素泡腾片,蓝,家居物品,https://playerhub.df.qq.com/playerhub/60004/object/15080050073.png,15141,0,1x1
英式袋泡茶,蓝,家居物品,https://playerhub.df.qq.com/playerhub/60004/object/15080050074.png,21787,0,1x1
木雕烟斗,蓝,家居物品,https://playerhub.df.qq.com/playerhub/60004/object/15080050075.png,22437,0,2x1
糖三角,蓝,家居物品,https://playerhub.df.qq.com/playerhub/60004/object/15080050076.png,18373,0,1x1
调料套组,绿,家居物品,https://playerhub.df.qq.com/playerhub/60004/object/15080050077.png,10273,0,2x2
袋装咖啡豆,绿,家居物品,https://playerhub.df.qq.com/playerhub/60004/object/15080050078.png,8221,0,1x2
当地再制咖啡,绿,家居物品,https://playerhub.df.qq.com/playerhub/60004/object/15080050079.png,4323,0,1x1
强力胶,绿,家居物品,https://playerhub.df.qq.com/playerhub/60004/object/15080050080.png,4442,0,1x1
胡椒瓶,白,家居物品,https://playerhub.df.qq.com/playerhub/60004/object/15080050081.png,2655,0,1x1
本地特色首饰,金,工艺藏品,https://playerhub.df.qq.com/playerhub/60004/object/15080050082.png,571336,3,3x2
座钟,金,工艺藏品,https://playerhub.df.qq.com/playerhub/60004/object/15080050083.png,303466,3,2x2
石工锤,绿,工具材料,https://playerhub.df.qq.com/playerhub/60004/object/15080050084.png,19730,5,3x1
羊角锤,白,工具材料,https://playerhub.df.qq.com/playerhub/60004/object/15080050085.png,5543,3,2x1
一盒钉子,白,工具材料,https://playerhub.df.qq.com/playerhub/60004/object/15080050086.png,4200,1,1x1
手锯,绿,工具材料,https://playerhub.df.qq.com/playerhub/60004/object/15080050087.png,17994,2,3x1
大型电台,金,电子物品,https://playerhub.df.qq.com/playerhub/60004/object/15080050088.png,652798,7,3x2
军用弹道计算机,金,电子物品,https://playerhub.df.qq.com/playerhub/60004/object/15080050089.png,138707,3,2x1
高速固态硬盘,金,电子物品,https://playerhub.df.qq.com/playerhub/60004/object/15080050090.png,113352,0,1x1
便携音响,紫,电子物品,https://playerhub.df.qq.com/playerhub/60004/object/15080050091.png,41504,2,2x1
卫队金扳指,金,工艺藏品,https://playerhub.df.qq.com/playerhub/60004/object/15080050092.png,171605,0,1x1
优秀雇员奖杯,金,工艺藏品,https://playerhub.df.qq.com/playerhub/60004/object/15080050093.png,129231,0,1x1
赛伊德的手弩,金,工艺藏品,https://playerhub.df.qq.com/playerhub/60004/object/15080050094.png,128756,2,2x1
脑机控制端子,金,电子物品,https://playerhub.df.qq.com/playerhub/60004/object/15080050095.png,89587,0,1x1
军情录音,蓝,资料情报,https://playerhub.df.qq.com/playerhub/60004/object/15080050096.png,39944,1,1x3
复苏呼吸机,红,医疗道具,https://playerhub.df.qq.com/playerhub/60004/object/15080050097.png,7689363,5,3x3
微型反应炉,红,能源燃料,https://playerhub.df.qq.com/playerhub/60004/object/15080050098.png,6504461,10,3x3
装甲车电池,红,能源燃料,https://playerhub.df.qq.com/playerhub/60004/object/15080050099.png,5838965,15,3x2
动力电池组,红,能源燃料,https://playerhub.df.qq.com/playerhub/60004/object/15080050100.png,2672263,20,4x3
固体燃料,金,能源燃料,https://playerhub.df.qq.com/playerhub/60004/object/15080050101.png,103431,2,1x1
信号棒,紫,能源燃料,https://playerhub.df.qq.com/playerhub/60004/object/15080050102.png,34626,1,1x1
燃气喷灯,紫,能源燃料,https://playerhub.df.qq.com/playerhub/60004/object/15080050103.png,53179,2,1x2
军用露营灯,紫,能源燃料,https://playerhub.df.qq.com/playerhub/60004/object/15080050105.png,70423,2,1x3
便携生存套组,紫,能源燃料,https://playerhub.df.qq.com/playerhub/60004/object/15080050106.png,36525,3,2x1
狩猎火柴,蓝,能源燃料,https://playerhub.df.qq.com/playerhub/60004/object/15080050107.png,17110,0,1x1
多用途电池,蓝,能源燃料,https://playerhub.df.qq.com/playerhub/60004/object/15080050108.png,127967,0,1x1
轻型户外炉具,蓝,能源燃料,https://playerhub.df.qq.com/playerhub/60004/object/15080050109.png,68322,2,2x2
充电电池组,绿,能源燃料,https://playerhub.df.qq.com/playerhub/60004/object/15080050110.png,5776,0,1x1
9V电池,绿,能源燃料,https://playerhub.df.qq.com/playerhub/60004/object/15080050111.png,4288,0,1x1
盒装蜡烛,白,能源燃料,https://playerhub.df.qq.com/playerhub/60004/object/15080050112.png,3396,0,2x2
医疗机械人,红,医疗道具,https://playerhub.df.qq.com/playerhub/60004/object/15080050113.png,1915633,5,2x3
人工膝关节,紫,医疗道具,https://playerhub.df.qq.com/playerhub/60004/object/15080050114.png,36651,1,1x2
体内除颤器,金,医疗道具,https://playerhub.df.qq.com/playerhub/60004/object/15080050115.png,87956,1,1x1
电子显微镜,蓝,医疗道具,https://playerhub.df.qq.com/playerhub/60004/object/15080050116.png,23135,2,1x3
离心机,紫,医疗道具,https://playerhub.df.qq.com/playerhub/60004/object/15080050117.png,92596,4,2x2
紫外线灯,金,能源燃料,https://playerhub.df.qq.com/playerhub/60004/object/15080050118.png,145382,2,1x2
植物样本,紫,工具材料,https://playerhub.df.qq.com/playerhub/60004/object/15080050119.png,28598,1,1x1
雷斯的留声机,红,工艺藏品,https://playerhub.df.qq.com/playerhub/60004/object/15080050120.png,1923054,3,2x3
万金泪冠,红,工艺藏品,https://playerhub.df.qq.com/playerhub/60004/object/15080050121.png,3785466,1,3x3
“天圆地方”,红,工艺藏品,https://playerhub.df.qq.com/playerhub/60004/object/15080050122.png,895588,2,2x2
“纵横”,红,工艺藏品,https://playerhub.df.qq.com/playerhub/60004/object/15080050123.png,3887089,5,3x3
阿萨拉特色提灯,紫,工艺藏品,https://playerhub.df.qq.com/playerhub/60004/object/15080050124.png,55142,2,1x2
卫星电话,金,电子物品,https://playerhub.df.qq.com/playerhub/60004/object/15080050126.png,127632,1,1x2
生化培养箱,紫,医疗道具,https://playerhub.df.qq.com/playerhub/60004/object/15080050127.png,86725,3,2x2
ECMO,红,医疗道具,https://playerhub.df.qq.com/playerhub/60004/object/15080050128.png,4454398,7,3x3
心脏支架,金,医疗道具,https://playerhub.df.qq.com/playerhub/60004/object/15080050129.png,116046,0,1x2
电动马达,紫,工具材料,https://playerhub.df.qq.com/playerhub/60004/object/15080050130.png,,5,2x2
“钻石”鱼子酱,红,家居物品,https://playerhub.df.qq.com/playerhub/60004/object/15080050131.png,263411,0,1x1
“蓝宝石”龙舌兰,金,家居物品,https://playerhub.df.qq.com/playerhub/60004/object/15080050132.png,122253,1,1x2
珠宝头冠,金,工艺藏品,https://playerhub.df.qq.com/playerhub/60004/object/15080050133.png,217923,2,3x1
马赛克灯台,紫,工艺藏品,https://playerhub.df.qq.com/playerhub/60004/object/15080050134.png,196268,3,2x3
荷美尔陶俑,金,工艺藏品,https://playerhub.df.qq.com/playerhub/60004/object/15080050135.png,137325,1,1x2
鳄鱼蛋,紫,家居物品,https://playerhub.df.qq.com/playerhub/60004/object/15080050136.png,34634,0,1x1
发条八音盒,金,工艺藏品,https://playerhub.df.qq.com/playerhub/60004/object/15080050137.png,88916,2,1x1
金枝桂冠,金,工艺藏品,https://playerhub.df.qq.com/playerhub/60004/object/15080050138.png,128784,2,2x1
图腾箭矢,紫,工艺藏品,https://playerhub.df.qq.com/playerhub/60004/object/15080050139.png,22188,1,1x1
藏秘筒,金,资料情报,https://playerhub.df.qq.com/playerhub/60004/object/15080050140.png,86343,1,1x1
海洋之泪,红,工艺藏品,https://playerhub.df.qq.com/playerhub/60004/object/15080050142.png,42022564,0,1x1
三角蚌小珍珠,金,工艺藏品,https://playerhub.df.qq.com/playerhub/60004/object/15080050143.png,85514,0,1x1
浮力补偿设备,红,工具材料,https://playerhub.df.qq.com/playerhub/60004/object/15080050144.png,,5,3x4
潮汐监狱地图-1,金,资料情报,https://playerhub.df.qq.com/playerhub/60004/object/15080050148.png,19719,0,1x2
潮汐监狱地图-2,金,资料情报,https://playerhub.df.qq.com/playerhub/60004/object/15080050149.png,42700,0,1x2
潮汐监狱地图-3,金,资料情报,https://playerhub.df.qq.com/playerhub/60004/object/15080050150.png,119366,0,1x2
潮汐监狱地图-4,红,资料情报,https://playerhub.df.qq.com/playerhub/60004/object/15080050151.png,507070,0,1x2
Alpha脑机实验数据-渡鸦,红,资料情报,https://playerhub.df.qq.com/playerhub/60004/object/15080050161.png,287126,0,1x1
营养粥罐头,金,家居物品,https://playerhub.df.qq.com/playerhub/60004/object/15080050162.png,89556,0,1x1
海鲜粥罐头,金,家居物品,https://playerhub.df.qq.com/playerhub/60004/object/15080050163.png,87758,0,1x1
渡鸦项坠,金,工艺藏品,https://playerhub.df.qq.com/playerhub/60004/object/15080050164.png,132149,0,1x1
金笔,金,工艺藏品,https://playerhub.df.qq.com/playerhub/60004/object/15080050165.png,94126,0,1x1
印象派名画,红,工艺藏品,https://playerhub.df.qq.com/playerhub/60004/object/15080050166.png,3158354,5,3x3
定位接收器,红,电子物品,https://playerhub.df.qq.com/playerhub/60004/object/15080050167.png,279919,0,1x1
军用网络模块,金,电子物品,https://playerhub.df.qq.com/playerhub/60004/object/15080050168.png,90585,0,1x1
高性能燃油,金,能源燃料,https://playerhub.df.qq.com/playerhub/60004/object/15080050169.png,222105,4,3x1
已封存音源,红,资料情报,https://playerhub.df.qq.com/playerhub/60004/object/15080050170.png,762054,4,2x2
军用地图匣,金,资料情报,https://playerhub.df.qq.com/playerhub/60004/object/15080050171.png,228867,2,1x3
袖珍录像带,紫,资料情报,https://playerhub.df.qq.com/playerhub/60004/object/15080050172.png,29065,0,1x1
“雷明顿”打字机,红,家居物品,https://playerhub.df.qq.com/playerhub/60004/object/15080050173.png,,7,3x4
陆军万用表,金,工具材料,https://playerhub.df.qq.com/playerhub/60004/object/15080050174.png,100155,0,1x1
电子脚镣,红,电子物品,https://playerhub.df.qq.com/playerhub/60004/object/15080050175.png,1564107,1,1x1
试制聚变供能单元,红,能源燃料,https://playerhub.df.qq.com/playerhub/60004/object/15080050176.png,3275586,12,3x3
高能瓦斯罐,红,能源燃料,https://playerhub.df.qq.com/playerhub/60004/object/15080050177.png,809393,11,2x2
超声波切割刀,红,工具材料,https://playerhub.df.qq.com/playerhub/60004/object/15080050178.png,357598,0,1x1
液压破门器,金,工具材料,https://playerhub.df.qq.com/playerhub/60004/object/15080050179.png,124894,5,1x2
飞行员眼镜,金,家居物品,https://playerhub.df.qq.com/playerhub/60004/object/15080050180.png,123321,0,2x1
残缺的档案,紫,资料情报,https://playerhub.df.qq.com/playerhub/60004/object/15080050181.png,36936,1,1x2
典雅咖啡杯,紫,工艺藏品,https://playerhub.df.qq.com/playerhub/60004/object/15080050182.png,22662,0,1x1
小糖人姜饼人,紫,家居物品,https://playerhub.df.qq.com/playerhub/60004/object/15080050183.png,36245,0,1x2
名窑瓷器,红,工艺藏品,https://playerhub.df.qq.com/playerhub/60004/object/15080050184.png,2254301,7,2x4
黄金鳄鱼头雕像,红,工艺藏品,https://playerhub.df.qq.com/playerhub/60004/object/15080050185.png,782413,15,2x2
恒星敏感器,红,电子物品,https://playerhub.df.qq.com/playerhub/60004/object/15080050186.png,275156,3,1x1
便携式生命支持系统,红,工艺藏品,https://playerhub.df.qq.com/playerhub/60004/object/15080050187.png,973172,8,2x2
航天测试数据,金,资料情报,https://playerhub.df.qq.com/playerhub/60004/object/15080050188.png,112647,1,1x1
脑机头戴设备,金,电子物品,https://playerhub.df.qq.com/playerhub/60004/object/15080050189.png,311068,1,2x2
电子氟化液,金,能源燃料,https://playerhub.df.qq.com/playerhub/60004/object/15080050190.png,333823,2,2x2
A作战计划书,金,资料情报,https://playerhub.df.qq.com/playerhub/60004/object/15080050191.png,151691,1,1x2
便携氧气筒,金,医疗道具,https://playerhub.df.qq.com/playerhub/60004/object/15080050192.png,245866,5,1x3
鸟雕,蓝,工艺藏品,https://playerhub.df.qq.com/playerhub/60004/object/15080050193.png,16469,1,1x1
腕带,蓝,电子物品,https://playerhub.df.qq.com/playerhub/60004/object/15080050194.png,15593,1,1x1
哮喘吸入器,金,医疗道具,https://playerhub.df.qq.com/playerhub/60004/object/15080050195.png,138152,0,1x1
暗星燃料单元,红,能源燃料,https://playerhub.df.qq.com/playerhub/60004/object/15080050196.png,,24,3x4
勇者之证,红,工艺藏品,https://playerhub.df.qq.com/playerhub/60004/object/15080050197.png,,0,1x1
赤枭档案,金,资料情报,https://playerhub.df.qq.com/playerhub/60004/object/15080050198.png,,0,1x1
空白存储,红,电子物品,https://playerhub.df.qq.com/playerhub/60004/object/15080050204.png,,0,1x1
数据密钥,红,电子物品,https://playerhub.df.qq.com/playerhub/60004/object/15080050205.png,,0,1x1
磁化的A级工卡,紫,资料情报,https://playerhub.df.qq.com/playerhub/60004/object/15080050206.png,,0,1x1
断裂的A级工卡,紫,资料情报,https://playerhub.df.qq.com/playerhub/60004/object/15080050207.png,,0,1x1
磨损的B级工卡,紫,资料情报,https://playerhub.df.qq.com/playerhub/60004/object/15080050208.png,,0,1x1
划伤的B级工卡,紫,资料情报,https://playerhub.df.qq.com/playerhub/60004/object/15080050209.png,,0,1x1
航天冷却剂,金,能源燃料,https://playerhub.df.qq.com/playerhub/60004/object/15080050210.png,591777,5,1x2
飞秒激光器,红,工具材料,https://playerhub.df.qq.com/playerhub/60004/object/15080050211.png,1072359,2,3x1
检眼镜,金,医疗道具,https://playerhub.df.qq.com/playerhub/60004/object/15080050212.png,175113,1,1x2
身份牌,蓝,资料情报,https://playerhub.df.qq.com/playerhub/60004/object/15080050213.png,12125,0,1x1
急救喷雾,紫,医疗道具,https://playerhub.df.qq.com/playerhub/60004/object/15080050214.png,23185,0,1x1
电动牙刷,紫,家居物品,https://playerhub.df.qq.com/playerhub/60004/object/15080050215.png,24653,0,1x1
加密手记,紫,资料情报,https://playerhub.df.qq.com/playerhub/60004/object/15080050216.png,30193,1,1x1
无线耳机,蓝,电子物品,https://playerhub.df.qq.com/playerhub/60004/object/15080050217.png,14005,0,1x1
鼻通,紫,家居物品,https://playerhub.df.qq.com/playerhub/60004/object/15080050218.png,34047,0,1x1
爽身粉,紫,家居物品,https://playerhub.df.qq.com/playerhub/60004/object/15080050219.png,33722,1,1x1
测距仪,红,工具材料,https://playerhub.df.qq.com/playerhub/60004/object/15080050220.png,,4,2x4
军情照片,白,资料情报,https://playerhub.df.qq.com/playerhub/60004/object/15090010024.png,3213,0,2x1
人像照片,白,资料情报,https://playerhub.df.qq.com/playerhub/60004/object/15090010026.png,3079,0,2x1
机械工蜂模型,金,资料情报,https://playerhub.df.qq.com/playerhub/60004/object/15090010040.png,,3,3x2
医疗无人机,蓝,医疗道具,https://playerhub.df.qq.com/playerhub/60004/object/15090010041.png,48634,1,2x2
样本试管,白,医疗道具,https://playerhub.df.qq.com/playerhub/60004/object/15090010077.png,2976,0,1x2
当地小报,白,资料情报,https://playerhub.df.qq.com/playerhub/60004/object/15090910016.png,2834,0,2x1
私密笔记簿,绿,资料情报,https://playerhub.df.qq.com/playerhub/60004/object/15090910017.png,7702,0,1x2
物流信息单,白,资料情报,https://playerhub.df.qq.com/playerhub/60004/object/15090910019.png,1559,0,1x1
签章联运单,绿,资料情报,https://playerhub.df.qq.com/playerhub/60004/object/15090910022.png,6694,0,2x1
个人信笺,绿,资料情报,https://playerhub.df.qq.com/playerhub/60004/object/15090910023.png,5010,0,2x1
脑机relink医疗报告,金,资料情报,https://playerhub.df.qq.com/playerhub/60004/object/15200000031.png,234811,0,2x2
心灵感应.魔方,金,工艺藏品,https://playerhub.df.qq.com/playerhub/60004/object/15200000032.png,95500,1,1x1
乙巳玄武,红,工艺藏品,https://playerhub.df.qq.com/playerhub/60004/object/15200000034.png,,1,2x2
OLIGHT WARRIOR 3S联名手电,紫,工具材料,https://playerhub.df.qq.com/playerhub/60004/object/15200000044.png,51424,1,1x1
麦小蛋,金,工艺藏品,https://playerhub.df.qq.com/playerhub/60004/object/15200000048.png,,1,1x2
炫彩麦小蛋,红,工艺藏品,https://playerhub.df.qq.com/playerhub/60004/object/15200000049.png,,1,1x2
幸运木雕,红,工艺藏品,https://playerhub.df.qq.com/playerhub/60004/object/15200000058.png,,1,1x2
吴彦祖之镜,红,工艺藏品,https://playerhub.df.qq.com/playerhub/60004/object/15200000059.png,,1,1x1
鎏金卡牌,红,工艺藏品,https://playerhub.df.qq.com/playerhub/60004/object/15200000060.png,296898,0,1x1
鳄鱼血样,紫,医疗道具,https://playerhub.df.qq.com/playerhub/60004/object/15200000061.png,,0,1x1
克小圈,金,工艺藏品,https://playerhub.df.qq.com/playerhub/60004/object/15200000068.png,,1,1x2
炫彩克小圈,红,工艺藏品,https://playerhub.df.qq.com/playerhub/60004/object/15200000069.png,,1,1x2
手办-阿米娅,金,工艺藏品,https://playerhub.df.qq.com/playerhub/60004/object/15200000070.png,,1,1x2
手办-阿米娅（近卫）,红,工艺藏品,https://playerhub.df.qq.com/playerhub/60004/object/15200000071.png,,1,1x2
至纯源石,红,工艺藏品,https://playerhub.df.qq.com/playerhub/60004/object/15200000072.png,,1,1x1
源石碎片,蓝,工艺藏品,https://playerhub.df.qq.com/playerhub/60004/object/15200000073.png,,0,1x1
高级情报凭证,紫,资料情报,https://playerhub.df.qq.com/playerhub/60004/object/15200000074.png,,0,1x1
明日方舟OST-1,金,工艺藏品,https://playerhub.df.qq.com/playerhub/60004/object/15200000075.png,,0,1x1
兰小登,金,工艺藏品,https://playerhub.df.qq.com/playerhub/60004/object/15200000114.png,,1,1x2
炫彩兰小登,红,工艺藏品,https://playerhub.df.qq.com/playerhub/60004/object/15200000115.png,,1,1x2
比利狼,红,工艺藏品,https://playerhub.df.qq.com/playerhub/60004/object/15200000117.png,,1,1x2
格赫罗斯的审判,金,工艺藏品,https://playerhub.df.qq.com/playerhub/60004/object/15200000118.png,127512,0,1x1
黄金鸟窝,红,工艺藏品,https://playerhub.df.qq.com/playerhub/60004/object/15200000123.png,,2,2x2
黄金鸟蛋,红,工艺藏品,https://playerhub.df.qq.com/playerhub/60004/object/15200000124.png,,0,1x1
炫彩鸟蛋,红,工艺藏品,https://playerhub.df.qq.com/playerhub/60004/object/15200000125.png,,0,1x1
奇怪的蛋,紫,工艺藏品,https://playerhub.df.qq.com/playerhub/60004/object/15200000126.png,,0,1x1
巨兽机甲,红,工艺藏品,https://playerhub.df.qq.com/playerhub/60004/object/15200000127.png,,2,2x2
《逆战·未来》OST光碟,金,资料情报,https://playerhub.df.qq.com/playerhub/60004/object/15200000129.png,,0,1x1
拉小宅,金,工艺藏品,https://playerhub.df.qq.com/playerhub/60004/object/15200000130.png,,1,1x2
炫彩拉小宅,红,工艺藏品,https://playerhub.df.qq.com/playerhub/60004/object/15200000131.png,,1,1x2
好粥道-莲子玉米粥,绿,家居物品,https://playerhub.df.qq.com/playerhub/60004/object/15200000134.png,,1,1x1
阿萨拉平安果,紫,家居物品,https://playerhub.df.qq.com/playerhub/60004/object/15200000135.png,,1,1x1
烽火世界杯纪念奖杯,红,工艺藏品,https://playerhub.df.qq.com/playerhub/60004/object/15200000137.png,,2,1x3
好粥道-薏米红豆粥,绿,家居物品,https://playerhub.df.qq.com/playerhub/60004/object/15200000138.png,,1,1x1
好粥道-紫薯紫米粥,蓝,家居物品,https://playerhub.df.qq.com/playerhub/60004/object/15200000139.png,,1,1x1
好粥道-黑米粥,紫,家居物品,https://playerhub.df.qq.com/playerhub/60004/object/15200000140.png,,1,1x1
好粥道-椰奶燕麦粥,金,家居物品,https://playerhub.df.qq.com/playerhub/60004/object/15200000141.png,,1,1x1
阿萨拉优品平安果,金,家居物品,https://playerhub.df.qq.com/playerhub/60004/object/15200000142.png,,1,1x1
阿萨拉极品平安果,红,家居物品,https://playerhub.df.qq.com/playerhub/60004/object/15200000143.png,,1,1x1
渡鸦的录音数据-1,红,资料情报,https://playerhub.df.qq.com/playerhub/60004/object/15200000144.png,,0,1x1
渡鸦的录音数据-2,金,资料情报,https://playerhub.df.qq.com/playerhub/60004/object/15200000145.png,,0,1x1
渡鸦的录音数据-3,金,资料情报,https://playerhub.df.qq.com/playerhub/60004/object/15200000146.png,,0,1x1
渡鸦的录音数据-4,金,资料情报,https://playerhub.df.qq.com/playerhub/60004/object/15200000147.png,,0,1x1
渡鸦的录音数据-5,紫,资料情报,https://playerhub.df.qq.com/playerhub/60004/object/15200000148.png,,0,1x1
渡鸦的录音数据-6,紫,资料情报,https://playerhub.df.qq.com/playerhub/60004/object/15200000149.png,,0,1x1
渡鸦的密信,紫,资料情报,https://playerhub.df.qq.com/playerhub/60004/object/15200000150.png,,0,2x1
幸运圆蛋,金,工艺藏品,https://playerhub.df.qq.com/playerhub/60004/object/15200000151.png,,0,1x1
马上起飞,红,工艺藏品,https://playerhub.df.qq.com/playerhub/60004/object/15200000152.png,,2,2x2
马上转运,红,工艺藏品,https://playerhub.df.qq.com/playerhub/60004/object/15200000153.png,,2,2x2
金玫瑰,金,工艺藏品,https://playerhub.df.qq.com/playerhub/60004/object/15200000154.png,,1,1x2
威小龙,金,工艺藏品,https://playerhub.df.qq.com/playerhub/60004/object/15200000155.png,,1,1x2
炫彩威小龙,红,工艺藏品,https://playerhub.df.qq.com/playerhub/60004/object/15200000156.png,,1,1x2
赤小枭,金,工艺藏品,https://playerhub.df.qq.com/playerhub/60004/object/15200000157.png,,1,1x2
手弩赤小枭,红,工艺藏品,https://playerhub.df.qq.com/playerhub/60004/object/15200000158.png,,1,1x2
好运爆红烟花,金,资料情报,https://playerhub.df.qq.com/playerhub/60004/object/15200000162.png,,0,1x2
小河鲤,蓝,家居物品,https://playerhub.df.qq.com/playerhub/60004/object/15200000163.png,,1,1x2
大肥鲤,紫,家居物品,https://playerhub.df.qq.com/playerhub/60004/object/15200000164.png,,1,1x2
黄金鲤,金,家居物品,https://playerhub.df.qq.com/playerhub/60004/object/15200000165.png,,2,1x2
红鲤王,红,家居物品,https://playerhub.df.qq.com/playerhub/60004/object/15200000166.png,,3,1x2
乌小蛋,金,工艺藏品,https://playerhub.df.qq.com/playerhub/60004/object/15200000167.png,,1,1x2
炫彩乌小蛋,红,工艺藏品,https://playerhub.df.qq.com/playerhub/60004/object/15200000168.png,,1,1x2
足球,紫,家居物品,https://playerhub.df.qq.com/playerhub/60004/object/15200000183.png,,0,2x2
黄金足球,金,家居物品,https://playerhub.df.qq.com/playerhub/60004/object/15200000184.png,,0,2x2
炫彩足球,红,家居物品,https://playerhub.df.qq.com/playerhub/60004/object/15200000185.png,,0,2x2